container;train
K306OT30800;М968
K304PL30800;Р961
K036PL30800;В965
K424PL30800;Р966
K170OT30800;Е962
K350OT30800;С961
K302DV30800;А966
K386ST30800;О961
K166ST30800;В961
K388TC30800;О963
K229DC30800;Р967
K011OT30800;Х961
K130TC30800;Н962
K264PL30800;O967
K351TC30800;Р968
K191DV30800;О965
K338ST30800;Р964
K482OT30800;Н967
K252ST30800;Н966
K361OT30800;А965
K256PL30800;Н964
K383RF30800;Р969
K040RF30800;К967
K447OT30800;Т962
K009ST30800;Т968
K379DV30800;Н970
K293PL30800;Е970
K305RF30800;О966
K429ST30800;А961
K411DV30800;Т961
K092OT30800;Е969
K398DC30800;Х964
K255ST30800;М967
K391PL30800;А967
K132TC30800;А963
K322PL30800;С969
K422PL30800;В966
K006ST30800;О970
K214ST30800;О962
K019TC30800;А963
K103RF30800;М969
K362ST30800;М962
K234DV30800;К970
K128TC30800;Е968
K426TC30800;Е965
K084DC30800;М966
K014ST30800;Н963
K286OT30800;С961
K150DV30800;Н970
K453ST30800;М963
K328DV30800;В966
K249TC30800;Н962
K283OT30800;Е964
K044DC30800;С964
K342RF30800;Н961
K384TC30800;Е968
K431DC30800;Р967
K184DC30800;Х964
K018PL30800;А967
K314PL30800;М967
K168DV30800;O967
K146RF30800;О966
K016ST30800;О970
K273PL30800;В965
K142OT30800;Е969
K377DC30800;М966
K432OT30800;Е964
K465TC30800;О963
K445DV30800;А966
K038DC30800;Р961
K029RF30800;Т962
K494ST30800;О962
K182ST30800;В961
K165RF30800;Н964
K085DV30800;С969
K048DV30800;К970
K366OT30800;Н967
K381TC30800;Т961
K464DV30800;Р968
K100ST30800;Н966
K181DV30800;О965
K269DV30800;Е970
K237PL30800;Р969
K043DC30800;М963
K475PL30800;А961
K020DC30800;А965
K333PL30800;Р966
K484OT30800;Х961
K062OT30800;М962
K349DV30800;Н961
K289DV30800;Т968
K488PL30800;С964
K129DC30800;М969
K308PL30800;М968
K297TC30800;Р964
K365DC30800;Е965
K081TC30800;К967
K241DC30800;О961
K183DC30800;Н963
K054ST30800;Е962
K345PL30800;А961
K399PL30800;А967
K271DC30800;Р967
K375TC30800;Н962
K336DC30800;Н963
K140DC30800;М966
K405ST30800;В961
K318DC30800;Е965
K330RF26630;К967
K135DC26630;С964
K282RF26630;Н964
K149DV26630;К970
K204OT26630;Е964
K258DV26630;О965
K042ST26630;О962
K126TC26630;А963
K031DC26630;Х964
K280PL26630;В966
K461TC26630;О963
K152OT26630;С961
K056ST26630;О961
K419DC26630;М969
K153DC26630;Р961
K281RF26630;Р969
K096DV26630;Н961
K288PL26630;O967
K498ST26630;О970
K021PL26630;Е970
K347OT26630;М962
K402ST26630;Е962
K371ST26630;М963
K417PL26630;Т962
K110ST26630;М967
K136DC26630;Е969
K382OT26630;Е968
K055PL26630;В965
K207DV26630;А965
K109ST26630;Р964
K468RF26630;Р966
K194RF26630;О966
K368ST26630;Р968
K238DC26630;Х961
K035TC26630;С969
K268DV26630;Н966
K298PL26630;М968
K179DC26630;Н970
K236ST26630;Н967
K474TC26630;О963
K087OT26630;А966
K491DC26630;Т961
K174DV26630;Н970
K266RF26630;Т968
K101TC26630;Р968
K228RF26630;Р966
K190DV26630;О965
K420RF26630;М969
K105DC26630;А966
K290TC26630;С964
K387DC26630;А965
K122OT26630;Х961
K089DV26630;В966
K334DV26630;М968
K364ST26630;О962
K028TC26630;К967
K250TC26630;Р964
K412ST26630;Е962
K041DC26630;О961
K239PL26630;С961
K320PL26630;В965
K112OT26630;К970
K319DC26630;Х964
K376DC26630;М963
K090OT26630;Е969
K202RF26630;Р969
K088DV26630;Н961
K263TC26630;С969
K158DV26630;Н966
K059PL26630;Р961
K311DC26630;М962
K339PL26630;Е968
K492DV26630;Т961
K010RF26630;М967
K196PL26630;Е970
K079ST26630;О970
K332RF26630;О966
K335ST26630;Е964
K260ST26630;Н967
K303PL26630;Н964
K500OT26630;Т968
K005DC26630;А963
K015DC26630;М966
K407RF26630;Т962
K392PL26630;А967
K069ST26630;В961
K211RF26630;Е965
K052DV26630;O967
K495DC26630;Н963
K167PL26630;Н962
K159RF26630;Н964
K415RF26630;О966
K359TC26630;А961
K102TC26630;Р967
K247PL26630;В966
K127DV17700;O967
K287TC17700;М967
K259PL17700;В965
K157ST17700;Н967
K292DC17700;Р961
K278PL17700;Е970
K416RF17700;К967
K027RF17700;Т962
K486RF17700;Р969
K471DC17700;М969
K045DV17700;Н970
K428OT17700;С961
K155OT17700;Е962
K380TC17700;Е968
K463TC17700;С969
K187DC17700;С964
K323ST17700;О970
K467DC17700;А963
K408ST17700;О962
K367RF17700;Х961
K012ST17700;Р964
K039ST17700;М962
K226ST17700;М963
K068PL17700;Р966
K414DC17700;Х964
K106DV17700;К970
K032TC17700;О963
K277OT17700;Е969
K219ST17700;Р968
K002PL17700;О961
K430PL17700;Н961
K111DC17700;А966
K133PL17700;Т968
K497PL17700;Е964
K220DV17700;Т961
K435PL17700;М966
K034TC17700;А965
K058RF17700;Р967
K363RF17700;Н966
K215RF17700;А961
K024DV17700;М968
K337OT17700;В961
K294DC17700;А967
K329TC17700;О965
K093OT17700;Х961
K473PL17700;Н963
K309ST17700;Р964
K254RF17700;Е965
K134PL17700;В965
K348DV17700;О965
K315DC17700;Х964
K493PL17700;Е964
K077ST17700;Р968
K403ST17700;Н962
K253DC17700;Е969
K208TC17700;О963
K285DC17700;О961
K176OT17700;Е962
K199DV17700;К970
K124OT17700;М962
K276ST17700;М967
K053ST17700;Н967
K481TC17700;С969
K070TC17700;С964
K316OT17700;М968
K117TC17700;А963
K025PL17700;Р966
K401ST17700;О970
K235RF17700;Н966
K074PL17700;Е970
K076DC17700;М963
K210ST17700;О962
K248TC17700;К967
K284RF17700;А966
K033PL17700;Т968
K326PL17700;Е968
K279PL17700;Р969
K459DC17700;Р961
K450OT17700;С961
K137PL17700;Н961
K030TC17700;А961
K480DC17700;O967
K154TC17700;М969
K479DC17700;А965
K119RF17700;Т962
K395ST17700;Н970
K209DV04000;Н964
K003PL04000;А967
K178TC04000;А967
K369DC04000;В966
K313OT04000;Н962
K274OT04000;О966
K063PL04000;А967
K200DV04000;Н964
K425OT04000;М966
K104TC04000;Р967
K047OT04000;В961
K267PL04000;В966
K433DC04000;М966
K409DC04000;Р967
K448DV04000;Н963
K245DV04000;Н962
K404DV04000;В961
K097ST04000;В961
K344OT04000;Н962
K327RF04000;О966
K192RF04000;Н963
K389PL04000;А967
K148TC04000;О963
K436DC04000;М967
K312DV04000;Р967
K423PL04000;А967
K213OT04000;М966
K164TC04000;Н962
K378DC04000;Н963
K225RF04000;Т962
K469DC04000;М966
K180PL04000;Е970
K343OT04000;С961
K195DC04000;Н963
K434ST04000;О962
K325ST04000;М963
K008DC04000;Р961
K242DC04000;Х964
K023DC04000;Р967
K437ST04000;Р964
K310OT04000;Х961
K455RF04000;О966
K458DC04000;С964
K490DC04000;А965
K071PL04000;В965
K147RF04000;Н964
K061ST04000;О970
K291OT04000;Е962
K476ST04000;Р968
K472PL04000;Е968
K082DC04000;Е969
K394OT04000;Е964
K156DV04000;В966
K216RF04000;О966
K004DC04000;О961
K173OT04000;С969
K372TC04000;А966
K206OT04000;М962
K446DC04000;М969
K095OT04000;В961
K261PL04000;Р969
K099ST04000;O967
K162PL04000;Т968
K094DV04000;Н970
K257DC04000;М966
K203OT04000;А963
K051DV04000;О965
K131PL04000;Р966
K013DV04000;Н961
K120PL04000;Е970
K169TC04000;К967
K064TC04000;С969
K217ST04000;Н967
K462ST04000;О961
K075DV04000;Н964
K442PL04000;Н966
K177RF04000;Т962
K060TC04000;О963
K352ST04000;О962
K262OT04000;Х961
K485RF04000;М968
K385ST04000;О962
K160ST04000;В961
K487RF04000;К967
K151PL04000;Е968
K444DV04000;Н970
K080RF04000;Р969
K275PL04000;К970
K138DV04000;К970
K046ST04000;О970
K265TC04000;Р964
K143DV04000;Н961
K360PL04000;А967
K017TC04000;А966
K223DV04000;Н966
K175DC04000;С964
K212PL04000;Р966
K107TC04000;О963
K201ST04000;Н967
K227ST04000;В961
K418ST04000;Е962
K172TC04000;Н962
K113ST04000;М962
K115OT04000;А965
K118PL04000;В966
K272OT04000;Е969
K072ST04000;Р968
K078DC04000;М969
K295DV04000;К970
K189DV04000;О965
K171PL04000;Р961
K454TC04000;А963
K373TC02400;Р967
K353ST02400;М963
K218ST02400;Н967
K400OT02400;Р967
K496OT02400;Е964
K483RF02400;Т962
K193ST02400;В965
K144DC02400;Х964
K066OT02400;Е964
K246PL02400;Е970
K243OT02400;Х961
K231DV02400;Н961
K413PL02400;Т968
K307OT02400;O967
K067DV02400;М968
K438PL02400;В965
K393DV02400;Н963
K098DV02400;Н970
K123DC02400;М963
K478RF02400;Т968
K270ST02400;О970
K198RF02400;Н964
K251DC02400;Н963
K232OT02400;А965
K301RF02400;С961
K163TC02400;О963
K299RF02400;О966
K222DC02400;Х964
K410ST02400;О962
K057ST02400;Р964
K477ST02400;О962
K340DC02400;Х964
K421TC02400;К967
K499RF02400;Р966
K374ST02400;М967
K001RF02400;О966
K185RF02400;О966
K396OT02400;М966
K397DC02400;Н963
K121TC02400;А961
K356PL02400;В965
K460DV02400;Н970
K145DC02400;Р961
K370OT02400;А961
K346DC02400;М969
K324DC02400;С964
K470OT02400;М962
K321DV02400;O967
K049PL02400;Р969
K354TC02400;О963
K230ST02400;О970
K296OT02400;С961
K022DC02400;Р961
K341ST02400;М967
K086PL02400;М968
K083OT02400;Е969
K489DC02400;С964
K108TC02400;К967
K114TC02400;Р967
K161DV02400;Н966
K139DC02400;О961
K449RF02400;Т962
K466PL02400;А967
K300RF02400;О966
K050TC02400;Е968
K205RF02400;Н964
K125RF02400;О966
K331DC02400;М969
K451RF02400;Т962
K244DV02400;В966
K456DC02400;М966
K188OT02400;С961
K233DC02400;О961
K357PL02400;С969
K443TC02400;А963
K452DC02400;Х964
K026OT02400;Е964
K355DV02400;К970
K073RF02400;А966
K441TC02400;С969
K240DC02400;Х964
K116RF02400;Н962
K186RF02400;Р969
K457RF02400;Т968
K439ST02400;Р968
K317RF02400;Н964
K141ST02400;О970
K065ST02400;Н967
K427DV02400;О965
K224DC02400;Н963
K221RF02400;Т962
K358DC02400;М966
K007OT02400;С961
K037DV02400;Н961
K197ST02400;Р964
K091RF02400;Р969
K406PL02400;В965
K390TC02400;А963
K440OT02400;М962
